,nearest_demand_id,distance_km
S0,2261,10.654412701433353
S1,2261,11.6432209413104
S2,2261,10.299656524243565
S3,2060,10.625100421396713
S4,2060,11.527803431234432
S5,2261,10.979497405098483
S6,2261,11.045703081183058
S7,2261,10.866725830906415
S8,2254,10.276444262092555
S9,2261,11.298606781180085
S10,2261,10.881605587788782
S11,2261,11.643220941310556
S12,2060,10.228980459411362
S13,2257,11.552755974116762
S14,2254,10.785960971772436
S15,2277,5.839845232467111
S16,2090,5.059580802486369
S17,2090,4.365903915234611
S18,2090,5.533427095692997
S19,2090,5.1739200893353985
S20,2279,6.20332693868307
S21,2279,4.774536113373529
S22,2090,5.773614308109691
S23,2090,5.273243309918332
S24,2082,5.079131978543866
S25,2301,4.335748294955515
S26,2126,4.9561321663821944
S27,2133,4.063693555676487
S28,2312,5.835479555577112
S29,2312,6.255683058448158
S30,2312,12.363547510493298
S31,2320,8.78974592139439
S32,2208,5.621260362287325
S33,2711,7.478885097760002
S34,2711,6.379915883582716
S35,2711,9.445673408589903
S36,2711,11.466007333911353
S37,2711,6.302103237387584
S38,2711,7.238494550869568
S39,2710,5.854889868945781
S40,2710,5.348953651510124
S41,2694,5.947683382586877
S42,2710,8.882565401199416
S43,2710,7.001209259976154
S44,2711,9.355610687180592
S45,2710,6.267528285592079
S46,2711,9.644199300942232
S47,2711,11.010419143706134
S48,2711,8.777278706359393
S49,2711,5.789068483111353
S50,2711,8.408049506834592
S51,2710,6.495234100950687
S52,2711,10.178663706041391
S53,2710,6.551404594557466
S54,2711,8.950303446285824
S55,2710,5.608959166434225
S56,2711,4.415916095438455
S57,2711,6.602409857911826
S58,2711,4.834267545749047
S59,2710,4.62766263996539
S60,2711,10.78519320076226
S61,2757,5.990849012543086
S62,2757,4.630414091139848
S63,2749,6.689080435716043
S64,2757,6.1682115682755505
S65,2749,5.288663987259232
S66,2749,4.142156713611115
S67,2756,5.3966953010094745
S68,2749,4.631172732818575
S69,2820,6.116714620995766
S70,2749,5.754215142047526
S71,2749,6.036666534737822
S72,2757,4.423406071900659
S73,2756,5.396662519161255
S74,2749,5.167998187588827
S75,2749,5.417284540228451
S76,2749,7.052003805351727
S77,2757,3.2567185744098133
S78,2757,4.57683874423273
S79,2757,6.409015534935654
S80,2749,5.9459117665228165
S81,2836,7.204092683285098
S82,2836,7.64093082757691
S83,2834,7.618806736388305
S84,2836,7.10420587738721
S85,2836,7.446660606004789
S86,2834,7.389600531555393
S87,2836,8.184466812092802
S88,2836,8.256724707325041
S89,2836,7.4358360582152
S90,2836,7.21912602616962
S91,2836,7.633234766559471
S92,2834,8.585211702625454
S93,2836,7.208936552380266
S94,2836,4.352233403403428
S95,2836,6.776410464274061
S96,2834,7.402601277900836
S97,2836,7.333997920239753
S98,3885,11.795712931310124
S99,3885,12.683676212990214
S100,3885,12.255949933954337
S101,3885,12.625716914762265
S102,3885,11.963592161577417
S103,3885,11.383944245492508
S104,3885,12.451262248875192
S105,3885,12.36284232716272
S106,3885,12.165776281957823
S107,3885,8.71640027793245
S108,3885,11.273008801369391
S109,3885,12.950625184010367
S110,3885,11.632856466043684
S111,3885,12.354881090951832
S112,3884,10.384613586296355
S113,3885,12.00260045655349
S114,3885,10.959567035380898
S115,3885,10.091095315528438
S116,3884,10.216983667349677
S117,3885,9.22075779338502
S118,3885,9.795894653644027
S119,3885,10.39778907717337
S120,3885,11.275990322162277
S121,3885,10.892623099258262
S122,3885,11.890948224197214
S123,3884,10.173298287899346
S124,3885,10.60831420330738
S125,3885,10.837458246413998
S126,3885,9.22075779338502
S127,3885,11.23009639544258
S128,3885,10.74750396863102
S129,3885,10.642097740085568
S130,3885,12.843872823640279
S131,3884,10.306810095777085
S132,3885,9.853789624132514
S133,3885,12.562162600138251
S134,3885,9.224078607362326
S135,3884,10.3067145663551
S136,3885,10.838496642983271
S137,3885,12.533265671368815
S138,3885,11.502719333922899
S139,3885,11.442145972143894
S140,3885,10.37137977332854
S141,3884,10.952335229731414
S142,3885,11.42285947316268
S143,3885,11.282872230421322
S144,3885,11.223630799222061
S145,3885,11.161906078265021
S146,3884,11.546017780626114
S147,3884,10.509091922147404
S148,3884,13.286336493878157
S149,3884,10.889281239962118
S150,3884,14.092652217432004
S151,3884,14.870099461273423
S152,3884,15.738402048159232
S153,3883,12.357922798895997
S154,3884,13.637319272918077
S155,3884,12.87082029855892
S156,3884,12.716708215987568
S157,3884,12.671320759243745
S158,3884,10.180937147348127
S159,3884,12.798051981306736
S160,3884,15.339759248493811
S161,3884,12.842232428938607
S162,3884,13.980215909404343
S163,3884,14.36871983774044
S164,3884,15.151518709106146
S165,3884,14.517195756656523
S166,3884,14.211208925476878
S167,3884,9.996763380286973
S168,3884,7.075208348376064
S169,3884,8.429719991598244
S170,3884,7.988555452054094
S171,3884,6.919956393038151
S172,3884,8.687865692546277
S173,3884,8.125052897071907
S174,3884,7.823740284812596
S175,3884,8.383980609389393
S176,3884,6.8160993708331885
S177,3884,8.734046659995414
S178,3884,7.994933096802014
S179,3884,8.4769747288752
S180,3884,6.7249188702514004
S181,3884,8.950950385081748
S182,3884,7.67528503507822
S183,3884,7.152027531767361
S184,3884,7.742686399853331
S185,3884,7.127414296196506
S186,3884,7.506756111728941
S187,3884,7.695569790014828
S188,3884,8.661680029320655
S189,3884,7.315486119963567
S190,3884,8.811258604912927
S191,3884,6.598109991477811
S192,2503,3.1125845960025273
S193,2458,2.0096306636345256
S194,2458,1.1101671569599214
S195,2458,1.934783785910664
S196,2488,2.654975399662146
S197,2522,2.590987144706479
S198,2522,1.71521285259214
S199,2458,0.9045574779148731
S200,2832,6.455293342650671
S201,2536,5.335964201586031
S202,2536,7.125943595301439
S203,2536,5.91278606123595
S204,2832,6.937019397163679
S205,2683,10.968001530789156
S206,2699,12.643705400994392
S207,2699,11.699251211063416
S208,2699,12.870048035891443
S209,2699,11.767079763008473
S210,2699,11.89917915704787
S211,2699,12.055799174849952
S212,2699,12.673332148407585
S213,2683,10.916204348818797
S214,2683,11.05135711950428
S215,2699,12.288606555677612
S216,2699,11.842694323727523
S217,2538,10.470530341637621
S218,2538,9.78161954072037
S219,2538,6.191225462061826
S220,3883,10.236912865333412
S221,2538,10.00742123527478
S222,2577,2.6890987342427075
S223,2577,3.046730514286741
S224,2538,9.730417695838883
S225,2538,4.625509081085864
S226,2538,5.43310509887507
S227,2538,5.783702266649609
S228,2538,10.328265297711487
S229,2538,5.218304615155095
S230,2538,6.153722801596506
S231,2538,6.732111540359667
S232,2538,9.697761382374766
S233,3885,3.969487000045535
S234,3885,4.734153453261095
S235,3885,5.061079450795331
S236,3885,4.232239224868801
S237,3885,0.9369075698615893
S238,3885,4.6895733227760745
S239,3885,5.061079450795331
S240,3885,4.734153453261095
S241,3882,5.861628493095469
S242,3882,3.2978498418127047
S243,3882,5.447066486752998
S244,3882,4.95690027375669
S245,2542,6.970867591332815
S246,3882,6.948222013192287
S247,2542,6.797562950606814
S248,3882,6.617828264319119
S249,2541,4.825127316173605
S250,2545,2.5190071569995633
S251,2542,6.493644866938206
S252,2542,6.900378744997407
S253,2542,7.196656117883912
S254,2542,6.431106264226226
S255,2542,6.737113453649517
S256,2541,7.111911629033169
S257,2542,7.091782592263799
S258,2545,2.5526012292576934
S259,3882,7.486183069747252
S260,3882,6.814670988932659
S261,3882,6.53164806783978
S262,2542,6.743250944859003
S263,3882,6.33781941759024
S264,3882,6.313930898176842
S265,3882,6.515314598300344
S266,2541,7.236483029480444
S267,2541,7.0942046846817925
S268,2541,7.815162416622938
S269,3882,7.1854989786035315
S270,3882,6.914041580278104
S271,2690,2.4572519063383083
S272,2439,3.182794532310707
S273,3884,17.838888127724957
S274,3884,15.019948267036197
S275,3884,16.403548768357627
S276,2699,14.34966691104215
S277,3884,14.273802122897408
S278,3884,15.107998620637463
S279,3884,14.5871125449269
S280,3884,15.387667003461953
S281,3885,13.670746532798109
S282,3885,13.06738759412113
S283,3885,12.916934634568905
S284,3885,14.492303556696406
S285,3885,13.32022820339782
S286,3885,13.328660318989
S287,3885,12.913738605293652
S288,3885,13.612799095497678
S289,3885,12.48778731627146
S290,3885,13.606996463435902
S291,3885,13.122149840708849
S292,3885,14.22291771832949
S293,3885,12.697503699149657
S294,3885,14.394916367196998
S295,3885,13.484576030851013
S296,2711,13.872502432516498
S297,3885,13.290776028139497
S298,2711,14.33270711602285
S299,3885,9.838299763030564
S300,3885,12.687466758525627
S301,3885,9.05493014442287
S302,3885,13.411228278347314
S303,3885,12.778107800486763
S304,3885,13.714534996971043
S305,3885,13.650305887200986
S306,2542,10.603614636470121
S307,2821,5.826288033064726
S308,2710,7.186592886671888
S309,2821,6.225073262482923
S310,2821,6.281855312266999
S311,2710,6.99576051855116
S312,2710,7.301665739539496
S313,2821,5.2617053279413755
S314,2557,2.2469158936580285
S315,2710,7.367775697190152
S316,2557,3.970071815425611
S317,2769,3.323694959650519
S318,2557,1.0470201094043474
S319,2557,1.5912606468970845
S320,2557,1.3430977067828491
S321,2581,2.613633635555026
S322,2581,2.10689811179623
S323,2580,2.213472576743114
S324,2573,2.3653154164617853
S325,2580,2.06772038732317
S326,2607,1.1605096107847255
S327,2681,9.741343761739314
S328,2681,9.621458912804773
S329,2681,2.3263359322789396
S330,2681,2.7182986922309
S331,2681,9.901304219853833
S332,2681,9.409121938771772
S333,3110,6.378842893253547
S334,3264,7.597252961401221
S335,3264,6.730441145039762
S336,2967,8.516804959637213
S337,3264,6.805107469605695
S338,3135,11.804089297721163
S339,3264,7.412941372984096
S340,3264,7.634991768858363
S341,3110,6.604933891410815
S342,3110,9.187478702274648
S343,2971,12.21870425823901
S344,3264,6.470359281305622
S345,3264,7.1211934123150025
S346,3264,8.741583252579824
S347,3264,12.892165983784198
S348,3264,8.165948776073742
S349,2970,8.086728593406841
S350,3264,8.497083362849882
S351,3110,7.768936879540594
S352,3110,6.405619075756821
S353,3110,6.6675720594382915
S354,2971,12.32285606238958
S355,3110,6.6449579159146035
S356,3264,8.57171125948114
S357,2971,8.245408459158769
S358,2971,8.493815119324275
S359,3264,9.28997943172964
S360,2971,8.356354492369924
S361,3264,7.380848294574137
S362,3264,8.350207783127193
S363,3264,10.948875012422588
S364,2967,9.102350659582038
S365,3110,7.778900975165533
S366,3110,6.9677977614520294
S367,3135,10.772586098512752
S368,3264,8.683829598943422
S369,3110,7.89897165895189
S370,2971,12.581775760877544
S371,3110,7.747756290506153
S372,3110,6.381309056895536
S373,3264,7.287388556026257
S374,3110,12.686644893911241
S375,3135,10.371072335918413
S376,2971,7.002493768755
S377,3110,7.8539277600021205
S378,3110,7.293104732417091
S379,3110,6.767816099054351
S380,3110,6.602615783074465
S381,3001,7.66290433021567
S382,3002,7.393709089052111
S383,2986,7.896863068527023
S384,3025,8.552051290354152
S385,3001,8.325959878428852
S386,3002,7.1737545969595
S387,3225,6.558096755276257
S388,3225,5.979063679000821
S389,3225,5.977882804892813
S390,3225,5.898265173832043
S391,3021,3.3056202902151024
S392,3021,2.908126240469193
S393,3021,1.084371220772136
S394,3179,5.214121633570764
S395,3179,5.673977540375922
S396,3033,7.173248192379577
S397,3179,5.672730711020073
S398,3210,1.5787465207055271
S399,3194,2.2159635262738315
S400,3220,2.4702640061452836
S401,3198,2.0320997860106997
S402,3198,1.809849848795224
S403,3210,1.3913974664774114
S404,2966,1.552565509259635
S405,3210,2.123508295208793
S406,3199,2.346293149895591
S407,3198,2.345335005912123
S408,3194,2.4433375969406597
S409,3250,3.3065932716654567
S410,3249,2.808609503687832
S411,3249,1.1440890939173358
S412,3145,7.500267500606588
S413,3145,4.455904665200772
S414,3422,7.418089637414522
S415,3473,8.770164062919061
S416,3473,5.93417046774044
S417,3473,9.423963108990069
S418,3473,10.507378899690996
S419,3473,7.525345037364632
S420,3473,6.035763716739548
S421,3418,10.669942975088848
S422,3473,10.49607641082264
S423,3473,10.375665118218787
S424,3422,7.866546077137916
S425,3447,7.967344717282489
S426,3447,5.7369932652388735
S427,3447,5.9223056620719
S428,3487,5.274453238645573
S429,3447,5.833111104797423
S430,3547,2.8574402986919822
S431,3548,3.267022845232926
S432,3536,2.0905436652540073
S433,3536,1.9277086578576383
S434,3564,3.84881185097447
S435,3570,3.2527737043835825
S436,3567,3.043735490839891
S437,3570,3.370013310440494
S438,3567,5.912365223280652
S439,3771,6.719050261928073
S440,3771,5.915050366009587
S441,3771,7.320139517299532
S442,3771,6.302812482073232
S443,3771,5.696474743236083
S444,3541,7.261070947523314
S445,3772,3.5048745818226155
S446,3577,6.595498532468849
S447,3771,7.347563103252306
S448,3771,6.987205127801401
S449,3771,6.5807997992228335
S450,3576,6.025250080612246
S451,3771,7.349349272127513
S452,3771,4.8380938929283
S453,3771,5.135083024980241
S454,3585,5.659720925104689
S455,3585,5.252431149628835
S456,3585,4.988945038228201
S457,3585,5.5265795960067265
S458,3585,3.2521860385356693
S459,3585,5.290770742534033
S460,3585,5.422946469752756
S461,3610,5.344636697884749
S462,3604,1.34899271948157
S463,3625,3.9238296636161856
S464,3627,4.703010229933359
S465,3627,4.935837221232638
S466,3956,12.802306041936717
S467,3956,12.901723887205037
S468,3956,12.609628109279553
S469,3956,12.698024402820202
S470,3956,12.444503062389927
S471,3956,12.585343806226884
S472,4069,10.820973184778657
S473,3956,12.939981326165384
S474,4069,11.881990628630222
S475,3956,12.108785515871963
S476,4069,11.416465639143576
S477,4069,11.848808751539181
S478,3956,13.127515436949837
S479,3956,13.228625063054176
S480,4069,11.587167575028
S481,3956,12.356964355022788
S482,3956,12.206380434999975
S483,4069,12.117138007591903
S484,3956,13.522372091009407
S485,3956,12.746482158988806
S486,4069,12.118946640431568
S487,3941,13.579268566960625
S488,3941,12.643244277122584
S489,3939,13.837039284089544
S490,3941,12.808405022869565
S491,4069,13.974858264184208
S492,3941,13.814464910037128
S493,4069,14.137129704814706
S494,3938,8.025068781320376
S495,3941,15.053994014549767
S496,3941,12.033701420824581
S497,3941,14.902508821804748
S498,3941,14.667550571708583
S499,4069,13.80160628259118
S500,3941,12.372157634432813
S501,4069,12.581036172860694
S502,4069,11.36628978532325
S503,4069,12.366480304100378
S504,4069,12.386768538733708
S505,4069,12.187742141613857
S506,3956,14.033228821798152
S507,4069,14.19502336964946
S508,3956,12.290794887432238
S509,3956,13.079639539107914
S510,3956,13.320418576444505
S511,4069,14.644021777592183
S512,3956,13.773563158483196
S513,3956,12.923818689010934
S514,3949,14.641816705929497
S515,3955,11.487789595997256
S516,4137,12.395067959695622
S517,3935,11.650583476820952
S518,3935,9.945297825172382
S519,3935,8.492024014148017
S520,3935,9.355267536062708
S521,3935,8.047079496141404
S522,4137,12.294350220800263
S523,3773,13.661709942034975
S524,3644,13.480293618732508
S525,3773,13.037287459370711
S526,3644,13.475469897393438
S527,3773,13.780000721374359
S528,3773,13.71852729053432
S529,3644,13.397197393734832
S530,3773,14.023133192649718
S531,3644,13.342542344453255
S532,3773,13.23695971630976
S533,3773,12.379911421501244
S534,3773,14.085712938358693
S535,3773,13.504268340974612
S536,3644,13.147303990566595
S537,3773,13.237662528491212
S538,3644,12.986611971021485
S539,3644,13.078390214865834
S540,3644,13.14757306927494
S541,3773,13.655916859863268
S542,3645,11.948344888478365
S543,3644,12.192216774433668
S544,3644,13.553541551602132
S545,3645,12.495309870190864
S546,3645,13.608412678348857
S547,3644,13.301339575431196
S548,3644,12.126005156534173
S549,3644,12.020368841313491
S550,3644,13.244384040170674
S551,3644,12.726399872658371
S552,3644,12.857281592209874
S553,3645,12.621711461556979
S554,3645,13.898106316424728
S555,3644,12.073553638706171
S556,3773,12.697368966342438
S557,3773,11.354817188508338
S558,3773,12.549415498449706
S559,3773,12.134778490513053
S560,3773,12.507200411615461
S561,3773,11.726208541153817
S562,3773,12.600462194753451
S563,3644,12.036157360137656
S564,3644,12.8045905502347
S565,3644,13.549117012294527
S566,3773,14.189171234226485
S567,3644,14.865082262574138
S568,3644,12.767143854467095
S569,3644,12.016846461570978
S570,3644,11.648721286681933
S571,3644,14.336985265271279
S572,3644,13.571636692576272
S573,3644,12.134382926550614
S574,3644,14.381706439204574
S575,3644,13.427542254479043
S576,3644,11.909996506613938
S577,3773,12.926125392870617
S578,3773,8.79942604074308
S579,3773,13.3923494544814
S580,3773,13.261466424785965
S581,3773,13.570330763117129
S582,3781,13.888399902242389
S583,3773,14.02517777505034
S584,3773,10.568192037759998
S585,3773,10.810523519636687
S586,3773,12.085854641025053
S587,3773,13.493531024166668
S588,3644,10.10283326193667
S589,3644,11.623884118803133
S590,3644,11.793352099234689
S591,3644,9.469646850453493
S592,3644,12.236566383318463
S593,3644,8.85115122886787
S594,3646,6.618974435402371
S595,3646,5.293945562745922
S596,3644,9.354926268369375
S597,3644,10.636213052490222
S598,3644,10.107774348156337
S599,3644,8.664764748918918
S600,3644,9.094272637203119
S601,3644,9.862547769171144
S602,3644,11.035020297974011
S603,3644,10.654336539108897
S604,3644,10.763678591431411
S605,3644,10.188118342048787
S606,3644,10.559276587427874
S607,3644,9.625620099473752
S608,3644,9.071469915979357
S609,3644,9.131125259381589
S610,3745,14.032181328809639
S611,3745,13.344878999646191
S612,3773,13.224110372601883
S613,3773,13.430431866362191
S614,3773,13.48455837644999
S615,3745,13.847810887279257
S616,3745,13.417245429104465
S617,3745,14.077588680422778
S618,3745,10.473643787805052
S619,5168,9.503518607155277
S620,5168,8.43486036786684
S621,5168,10.236514062034972
S622,5168,8.269679142265783
S623,5168,10.359290960684142
S624,5168,10.99844788632897
S625,5168,8.810771506787974
S626,5168,9.777942100590801
S627,5168,11.635194350714674
S628,5168,12.494559346448895
S629,5168,11.561989919220428
S630,5168,9.171654906159064
S631,5168,10.96938480930656
S632,5168,11.952341504347975
S633,5168,11.637189561679621
S634,5168,10.9814227775858
S635,5168,9.85188277273343
S636,5168,12.536811055022905
S637,5168,11.460320049607411
S638,5168,9.549651183861817
S639,5168,10.159064838379585
S640,5168,10.235394906924816
S641,5168,12.231307345572793
S642,5168,9.519592403559784
S643,5168,12.769780622028366
S644,4819,12.011364093032523
S645,4819,10.064551851321642
S646,5168,12.048465492967212
S647,4819,12.058440209003702
S648,4819,10.935482462945075
S649,4819,10.710210135582665
S650,4819,11.17368949330697
S651,4819,10.232109949225746
S652,4819,11.013457357285553
S653,4819,9.573422757155214
S654,5168,9.245033863134124
S655,4819,10.638893751444844
S656,4819,10.670850372119666
S657,4819,10.978582585114111
S658,4819,9.436195690980615
S659,5168,11.57577001228534
S660,4819,10.648154561519503
S661,4819,10.2356330927907
S662,4819,12.168919547207084
S663,4819,11.088934308535963
S664,4819,12.666674636070882
S665,5168,11.23933751436249
S666,5168,11.663896381159192
S667,5168,10.48520727471975
S668,5168,11.869257554754801
S669,5168,10.12765781063264
S670,4819,12.088471547713553
S671,5168,11.119391278449124
S672,4819,11.656968687545614
S673,4819,10.907716009991717
S674,4819,9.209480499766483
S675,4819,10.620526973796064
S676,4819,10.015740565197941
S677,4819,9.252135556453185
S678,4819,11.84036383469174
S679,5168,8.893576757168036
S680,4819,9.885297275710975
S681,4819,11.860458536312402
S682,4624,11.93745918412623
S683,4819,8.594271200548146
S684,4819,12.286524250781243
S685,4819,8.830753855653557
S686,4819,11.452162901071713
S687,4819,10.84717697144732
S688,4819,12.625157106200582
S689,4819,8.424176767737682
S690,5168,13.672599940666913
S691,5168,13.664615007603505
S692,5168,12.885963293770608
S693,4967,5.5827681236145015
S694,4967,5.1961664737252935
S695,4967,13.154477348801986
S696,4967,6.486739159232772
S697,4967,5.912683258138921
S698,5168,14.036124287628555
S699,4967,10.902319279502295
S700,4967,9.071046858740191
S701,4967,10.80614441619722
S702,5168,13.146043042703873
S703,5168,13.296481143755232
S704,3179,24.118862578125633
S705,3179,22.481588824610963
S706,3179,22.365020169002587
S707,3179,23.128229334235407
S708,3179,22.234338009460494
S709,3179,21.246038411710995
S710,3179,21.632199739317265
S711,3179,21.98632575808095
S712,3179,22.737195373200343
S713,3179,22.451070249259985
S714,3179,22.877579438906093
S715,3179,25.25377232471723
S716,3179,22.564623617781002
S717,3179,23.088361755121575
S718,3179,22.582118474118346
S719,3179,23.354479000660554
S720,3179,22.587176875906952
S721,3179,21.487867579235147
S722,3179,22.46459293425988
S723,3179,21.520833503512257
S724,3179,22.740200037043024
S725,3179,22.317604432344194
S726,3179,22.86555621320824
S727,3179,21.256683428933655
S728,3179,22.89618725802845
S729,3179,21.72349329100621
S730,3179,22.211187638137197
S731,3179,21.96430622929495
S732,3179,21.406627940366246
S733,3179,21.666692946616983
S734,3179,21.897255813267268
S735,3179,21.964887233478887
S736,3179,22.481588824610963
S737,3179,21.658156293881124
S738,3179,21.52348949689488
S739,3179,21.711662692892123
S740,3179,21.108899622704968
S741,3179,21.650884191006263
S742,3179,21.869880960827743
S743,3179,21.163680298591647
S744,3179,21.34253970015193
S745,3179,21.72572361629122
S746,3179,21.98674760912424
S747,3179,21.807203923844227
S748,3179,22.04254232798282
S749,3179,21.797104264547983
S750,3179,21.782433553081567
S751,3179,25.130087891214835
S752,3179,25.35778937057897
S753,3179,25.7682390500869
S754,3179,25.323858017889368
S755,3179,24.9340874683401
S756,3179,25.27677287571718
S757,3179,24.881699633258634
S758,3179,25.89245056872719
S759,3179,28.382342440817816
S760,3179,25.180745584486015
S761,3179,25.37761787750361
S762,3179,17.92553750697452
S763,3179,19.649079653408137
S764,3179,17.746004981328248
S765,3179,17.96270729598691
S766,3179,18.04409896806044
S767,3179,19.17560063970537
S768,3177,17.60080562095953
S769,3179,18.79945612353734
S770,3179,18.31302943728815
S771,3177,19.83759093571418
S772,3179,18.79521126322561
S773,3179,21.008222982549718
S774,3177,19.883244325577422
S775,3179,20.57777627309706
S776,3177,19.956893169300013
S777,3179,18.889838843588787
S778,3179,17.4037195588566
S779,3179,18.922199260794244
S780,3179,20.71920403282547
S781,3177,19.469153996453507
S782,3177,19.714501152143214
S783,3179,18.281708727514797
S784,3179,19.036478137380048
S785,3179,20.82543184216028
S786,3177,19.710404820131473
S787,3177,20.641178022574202
S788,3179,18.256220771529865
S789,3179,18.087748100826214
S790,3179,17.931248723851425
S791,3179,17.343784758761842
S792,3177,19.912714738249207
S793,3177,19.24670864218391
S794,3177,18.43596132497365
S795,3177,17.896297064781297
S796,3177,16.316504306627973
S797,3177,17.109439490945096
S798,3177,18.72576805028798
S799,3177,18.73731350496228
S800,3177,16.724560857102595
S801,3177,17.42798775851972
S802,3177,18.36176721313453
S803,3177,17.04874335877098
S804,3177,16.92528249382547
S805,3177,18.636831559145232
S806,3177,16.01755556675757
S807,3177,17.311778476936535
S808,3177,18.906432244824668
S809,3177,18.524482900960415
S810,3177,16.196913569357307
S811,3177,17.035965485984608
S812,3177,18.289977125969745
S813,3177,19.364717489865733
S814,3177,18.614210841120673
S815,3177,17.99438351669671
S816,3177,18.83899022334612
S817,3177,18.314441279477556
S818,3177,17.49848691469811
S819,3177,18.722735611935967
S820,3177,17.431757500146134
S821,3177,17.75960649991256
S822,3177,20.16795681767913
S823,3177,19.851461663790392
S824,3179,23.51428576297035
S825,3179,23.48441727766173
S826,3179,23.459279247278026
S827,3177,26.41581076213985
S828,3177,26.48230797884113
S829,3177,25.59497603422828
S830,3177,25.802564864515013
S831,3177,25.86420462738662
S832,3179,25.87028973011196
S833,3179,21.735838790111732
S834,3179,24.572006641796687
S835,3179,26.828618067680324
S836,3179,23.346714867200483
S837,3177,26.26692117328872
S838,3177,24.430260767293987
S839,3179,26.605885291196742
S840,3179,22.416153873368437
S841,3177,23.768786189633566
S842,3179,23.009963593772333
S843,3179,23.052373932718666
S844,3179,26.971120322410556
S845,3177,24.466417259982286
S846,3179,21.58962228711977
S847,3179,26.96844199688287
S848,3179,24.910355230623658
S849,3179,24.159579316812923
S850,3177,24.910250563218455
S851,3179,21.51287134193501
S852,3179,21.512868799095088
S853,3179,23.761555371261196
S854,3179,23.13128373140476
S855,3177,13.227160122107115
S856,3177,11.632095100336928
S857,3177,9.846505156926517
S858,3177,10.49568078943319
S859,3177,10.983087116842526
S860,3177,10.62015916691289
S861,3179,12.667712344425071
S862,3177,14.206790961241767
S863,3177,10.951073660933982
S864,3177,12.80860121283795
S865,3177,14.8013968233586
S866,3179,12.694057308633951
S867,3179,12.581192737508315
S868,3179,12.694660828550303
S869,3177,14.159552859378122
S870,3177,9.732049298357351
S871,3177,12.689546311788991
S872,3179,12.782809388009158
S873,3177,20.609439087797057
S874,3177,23.850935996934695
S875,3177,23.695484317199597
S876,3177,25.782276226859615
S877,3177,22.7424509305995
S878,3177,27.186245724196542
S879,3177,24.56502702654083
S880,3177,20.788593236159855
S881,3177,24.515987419500213
S882,3177,24.221966345933026
S883,3177,26.818817504037472
S884,3177,19.999612734905728
S885,3177,26.125439403344643
S886,3177,21.618884954683754
S887,3177,24.040460346568754
S888,3177,21.53312250176208
S889,3177,21.067598107795344
S890,3177,24.12720983012268
S891,3177,20.88183835624408
S892,3177,26.56198013590793
S893,3177,21.083848786543356
S894,3177,26.989808197247402
S895,3177,21.55199377934856
S896,3177,24.052990573564593
S897,3177,21.488030929823214
S898,3179,21.629808095700465
S899,3179,20.89841028916496
S900,3179,21.38583932276666
S901,3179,23.103731683713153
S902,3179,22.577648618052482
S903,3179,22.450766670994852
S904,3179,22.051493197918408
S905,3242,24.546918117917475
S906,3179,21.189696372756938
S907,3179,24.850795386417325
S908,3179,22.987418484690604
S909,3179,21.6476678054569
S910,3179,22.86677171816098
S911,3179,23.79879486546171
S912,3242,25.47641579139018
S913,3242,25.358922179313208
S914,3179,22.909169457627794
S915,3179,22.148308039708805
S916,3179,21.247528172620722
S917,3179,21.24484440822144
S918,3179,22.68264259155768
S919,3242,25.551003296485057
S920,3177,18.749322158544924
S921,3177,17.526397150606964
S922,3177,17.311797655998916
S923,3177,16.58069368130893
S924,3177,17.61695106188298
S925,3177,15.986476840013976
S926,3177,17.51417628149485
S927,3177,15.267451993017067
S928,3177,18.70156772429478
S929,3177,15.08647258208981
S930,3177,16.10362365153969
S931,3177,15.274265111169184
S932,3177,15.449200073325347
S933,3177,15.053353360139667
S934,3177,15.564390610972774
S935,3177,15.432231994006674
S936,3177,16.964915217006926
S937,3177,19.36399192446928
S938,3177,17.683468011398407
S939,3177,18.391246403443105
S940,3177,20.13211736767055
S941,3177,19.63044831705616
S942,3177,19.52617291826882
S943,3177,19.9237768124985
S944,3177,17.880492099869922
S945,3177,20.935211439898463
S946,3177,21.355014784772855
S947,3177,20.529740424621455
S948,3177,20.44923814616474
S949,3177,19.92279718806914
S950,3177,19.537710758114862
S951,3177,19.44984038940808
S952,3177,20.532437091904722
S953,3177,18.068325639355532
S954,3177,20.100014399438226
S955,3177,19.213689176446945
S956,3177,19.856141028019774
S957,3177,18.816369803422578
S958,3177,20.217961611575785
S959,3177,18.027179295235015
S960,3177,23.1060720257765
S961,3177,22.956682344509602
S962,3177,21.00627113232753
S963,3177,23.39030550407218
S964,3177,23.200244873471995
S965,3177,24.4837190226789
S966,3177,23.082944262817627
S967,3177,21.318362861475265
S968,3177,22.89974190630594
S969,3179,19.08005067514495
S970,3179,15.496926126170868
S971,3179,15.496755992214553
S972,3179,15.49658865297574
S973,3179,15.496424108539662
S974,3179,15.496262359004051
S975,3179,15.496103208385376
S976,3179,15.495946763652965
S977,3179,15.495792959556018
S978,3179,15.495642209227652
S979,3179,15.495494212809824
S980,3179,15.49534923463918
S981,3179,15.495207051939602
S982,3179,15.495067664799418
S983,3179,15.494931073281677
S984,3179,15.494797277461455
S985,3179,15.49466605508245
S986,3179,15.494537411487645
S987,3179,15.49441182304178
S988,3179,15.494288951710013
S989,3179,15.494168913545646
S990,3179,15.493937669855915
S991,3179,15.493611750838275
S992,3179,15.493508533101311
S993,3179,15.49371761111581
S994,3179,15.49331021063489
S995,3179,15.494051893610399
S996,3179,15.493215276877587
S997,3179,15.493826242337327
S998,3179,15.493408094995994
S999,3179,15.493123228513875
S1000,3179,15.492878141293133
S1001,3179,15.493034173145515
S1002,3179,15.492947914503208
S1003,3179,15.497099082243274
S1004,3179,15.501187811828862
S1005,3179,15.243754579099313
S1006,3179,15.382270050774826
S1007,3179,15.37489839349291
S1008,3179,15.312866999475755
S1009,3179,19.344086250795712
S1010,3179,19.212294362455786
S1011,3179,14.96336729748077
S1012,3179,17.427110138889862
S1013,3179,16.379092827295175
S1014,3258,23.985760002169698
S1015,3879,2.3894412133743943
S1016,3879,1.6767427727296234
S1017,3877,1.9193837438839796
S1018,3879,1.7106675250859986
S1019,3879,0.5832449308993378
S1020,3879,0.5974070838298184
S1021,3879,2.292418300102515
S1022,3879,1.0016829642200331
S1023,3877,1.4677737040008016
S1024,3877,1.3844398404621354
S1025,3877,0.27864875211667844
S1026,3877,1.2864644587948562
S1027,3879,1.515014488277811
S1028,3879,2.060241611833112
S1029,3881,1.8366731179855533
S1030,3879,0.4493475592665525
S1031,3879,1.0404017308042581
S1032,3879,1.2878923315180821
S1033,3879,1.5780471058666767
S1034,3879,1.3174701978334127
S1035,3879,0.9857856932392899
S1036,3879,0.8609250172507372
S1037,3879,1.957913258858378
S1038,3879,4.137152224071581
S1039,3879,3.2547915310531605
S1040,3879,1.0041618943317192
S1041,3877,0.2665899366992131
S1042,3877,2.202442986533582
S1043,3877,1.2385299529578109
S1044,3878,1.6710598623594766
S1045,3879,1.1296154986732518
S1046,3879,0.8213246964212699
S1047,3879,4.663281201081394
S1048,3879,0.5558381110822619
S1049,3878,0.6281419712754891
S1050,3878,0.4735698206685878
S1051,3878,0.44669280450977294
S1052,3878,0.477464688749273
S1053,3878,0.7336863672060628
S1054,3878,0.5470970652775615
S1055,3878,0.3433929060004947
S1056,3879,1.335361953712098
S1057,3879,1.2101662937203912
S1058,3878,1.4448508479840874
S1059,3878,1.0792918639274272
S1060,3879,1.2856450070228687
S1061,3879,0.8349992573749442
S1062,3879,1.468735520621332
S1063,3878,1.4640357550031584
S1064,3879,2.0309504854501568
S1065,3879,0.2948544381173652
S1066,3879,1.0406840058541864
S1067,3879,0.32966295135097856
S1068,3878,1.7784553423076737
S1069,3877,0.33400030684033466
S1070,3878,1.5365604258181027
S1071,3878,1.4773121140456578
S1072,3877,0.3564696791605813
S1073,3878,0.38342318993547797
S1074,3878,1.852508369435283
S1075,3878,1.7951776243412214
S1076,3879,2.0189883563106648
S1077,3879,1.7431264768294321
S1078,3879,1.3239544445404683
S1079,3879,0.4342041254722352
S1080,3879,0.14449468649764047
S1081,3879,0.26067797421112915
S1082,3879,0.8698257359832466
S1083,3879,0.3622656261229927
S1084,3878,0.5999650822078932
S1085,3879,1.0626592994996962
S1086,3879,0.45888691679995564
S1087,3877,0.3515651054753058
S1088,3877,0.4846902569918665
S1089,3877,0.355621671936261
S1090,3878,0.1890247396183173
S1091,3881,2.467912150509586
S1092,3879,2.2518261740836096
S1093,3879,0.5718191770363709
S1094,3879,0.5775591384720034
S1095,3881,2.3564222547953015
S1096,3878,0.18827815423026026
S1097,3879,0.4301284052679659
S1098,3878,0.4966913982476649
S1099,3881,2.340464653420631
S1100,3877,0.32276717403985195
S1101,3879,0.7543477910578089
S1102,3879,1.2614891074531434
S1103,3879,2.0422897514826155
S1104,3878,0.6565622201200163
S1105,3879,2.2631809209899654
S1106,3879,2.473317828484261
S1107,3884,3.2413369969928496
S1108,3879,2.5347738085138434
S1109,3884,4.253020632890967
S1110,3884,3.537263121819475
S1111,3879,3.4808078913631952
S1112,3884,3.9252421714261296
S1113,3878,5.129066586377761
S1114,3878,2.8037725233398323
S1115,3879,2.8071442342918864
S1116,3879,2.182391835953806
S1117,3884,2.6218182206586294
S1118,3878,3.795963829558331
S1119,3884,4.012107835725212
S1120,3879,2.801263862003927
S1121,3884,3.7233858495729906
S1122,3879,1.8660623022982101
S1123,3879,3.7223078210877207
S1124,3884,2.8326006319777863
S1125,3879,3.6499999168286443
S1126,3884,3.3879931701693633
S1127,3884,3.254629461210935
S1128,3881,2.1825643987752974
S1129,3880,1.0228735531543955
S1130,3880,1.0621223938008522
S1131,3880,1.1453260565787116
S1132,3880,1.3430396210749227
S1133,3878,2.586225449329347
S1134,3880,2.542127347486905
S1135,3880,2.6415762193571277
S1136,3880,1.5105885427688315
S1137,3880,1.7250939883530683
S1138,3880,2.3534555905711856
S1139,3878,3.109568957314101
S1140,3878,2.3226461139612753
S1141,3880,2.8028625656669997
S1142,3878,2.174134242663196
S1143,3881,2.0197497042149988
S1144,3878,2.529606909432523
S1145,3878,3.1272722655299834
S1146,3878,2.3777905959022188
S1147,3878,2.911669977826797
S1148,3880,3.0897822001833366
S1149,3878,2.7099326291136987
S1150,3878,2.9833632733535915
S1151,3878,2.6084271757071873
S1152,3878,2.8450786781383224
S1153,3880,1.38145811537992
S1154,3881,2.0202009708834407
S1155,3881,2.4338479099170995
S1156,3878,3.115803547859762
S1157,3880,1.0734737037019786
S1158,3880,1.0734518385285508
S1159,3880,0.8148911405954122
S1160,3880,2.972675761506065
S1161,3882,3.4679275656236204
S1162,3880,4.044640415290725
S1163,3882,2.7687065509714683
S1164,3882,2.7025350740884835
S1165,3880,2.9751125777320206
S1166,3880,1.7827665495721825
S1167,3880,2.5259513639512985
S1168,3881,1.2873405406579237
S1169,3882,1.7642578032473097
S1170,3881,1.2827516937442378
S1171,3882,1.5461085825643959
S1172,3882,1.5461085825643959
S1173,3881,1.4965798295927975
S1174,3882,1.5946794181600914
S1175,3881,0.3296748766084411
S1176,3881,1.0425689998518288
S1177,3881,1.2895639320128658
S1178,3882,1.5899740646429599
S1179,3881,1.2863681212140348
S1180,3882,1.8395669655817262
S1181,3881,0.6186048090334755
S1182,3881,0.5488429022885853
S1183,3881,2.5299030980380066
S1184,3880,2.427679321552385
S1185,3882,2.6499758322737974
S1186,3881,0.5502139517009428
S1187,3881,0.5680095760636041
S1188,3881,0.5074056980734949
S1189,3881,1.000628046003441
S1190,3882,2.12487815855137
S1191,3880,2.246864601512002
S1192,3881,1.2503946205536438
S1193,3881,1.5986092931150857
S1194,3882,1.918905459199742
S1195,3881,1.0460831716615435
S1196,3881,0.8476704790851814
S1197,3882,2.2658311864379117
S1198,3881,0.993482322091469
S1199,3881,1.1203244581334204
S1200,3881,1.3350457433248475
S1201,3881,0.7712836923408783
S1202,3881,0.8242090936773188
S1203,3881,0.5100566838766332
S1204,3881,0.6432482217444024
S1205,3881,1.4897886277252066
S1206,3881,0.889339009562231
S1207,3881,0.7794179102184065
S1208,3881,0.7737252040389883
S1209,3882,1.9137958640417798
S1210,3881,1.0579700332699542
S1211,3882,1.2531340526915182
S1212,3882,2.469568777364975
S1213,3882,2.068922879460626
S1214,3882,1.4195099434350162
S1215,3882,1.0671425755082105
S1216,3882,0.814327442818283
S1217,3882,0.9808598434782865
S1218,3881,1.9749080868728912
S1219,3877,2.4977907660707865
S1220,3881,1.6895568833541839
S1221,3881,2.9084566160968808
S1222,3877,2.4027755378819027
S1223,3882,2.5630089118639665
S1224,3881,2.432103818700413
S1225,3881,4.775462870923292
S1226,3881,2.8238044278834495
S1227,3882,3.8584940279859934
S1228,3881,2.1961064995189155
S1229,3881,2.615112495625504
S1230,3882,2.649857481192216
S1231,3881,4.06205578282838
S1232,3877,2.1740750724858464
S1233,3881,1.1193254866237905
S1234,3877,2.6082380337180893
S1235,3881,4.414419172048297
S1236,3881,2.8700140218082457
S1237,3882,3.635880603300879
S1238,3881,3.831890106235321
S1239,3877,2.154230947823815
S1240,3881,4.434014412205329
S1241,3881,3.2514601597966806
S1242,3881,2.704695493515057
S1243,3877,4.687721558283667
S1244,3881,3.3949722556350816
S1245,3881,5.858281248805815
S1246,3881,4.834905512951686
S1247,3881,4.983378348094305
S1248,3881,5.858281248805815
S1249,3881,4.805227962113164
S1250,3881,3.288986723177436
S1251,3881,3.288986723177436
S1252,3881,5.162268813162612
S1253,3881,4.7807073295590365
S1254,3881,3.58871165768316
S1255,3881,4.408025023495359
S1256,3881,4.994752632321621
S1257,3881,4.220255407930567
S1258,3881,3.688714205580994
S1259,3881,5.4117150702116295
S1260,3881,3.870470733160815
S1261,3881,3.6858327254128502
S1262,3881,6.717542875643333
S1263,3881,4.202578306818138
S1264,3881,3.9434949377712263
S1265,3881,4.081700146290624
S1266,3881,3.963468426110347
S1267,3881,3.5616929898044924
S1268,3881,3.739849527522427
S1269,3881,4.180593263558165
S1270,3881,4.630956774207844
S1271,3881,3.6858327254128502
S1272,3882,10.45369471797779
S1273,3881,7.81032931909585
S1274,3882,9.126398117118839
S1275,3881,7.114105351544926
S1276,3882,7.870123780815852
S1277,3881,7.1837738832099
S1278,2834,9.853253395301818
S1279,3881,9.768667088422207
S1280,3882,9.694345386791339
S1281,3881,9.664462867992922
S1282,2834,9.364717127402434
S1283,2834,9.584748265811546
S1284,3882,8.228295700866441
S1285,3882,7.066264797870123
S1286,3882,8.944375336597867
S1287,3882,3.5158503016163847
S1288,3882,3.9022567692661783
S1289,3882,6.127310512072582
S1290,3882,5.774171984316794
S1291,3882,3.3353101818286395
S1292,3882,4.016071063744966
S1293,3882,7.117395501039445
S1294,3883,6.880027415616483
S1295,3883,3.9798819583852394
S1296,3883,4.534196579461546
S1297,3883,4.01373423699374
S1298,3883,4.019074922344884
S1299,3883,3.713411119867466
S1300,3883,4.036677511305757
S1301,3883,4.211668368887404
S1302,3883,8.09576083544288
S1303,3883,5.785281640100654
S1304,3883,6.168181645307229
S1305,3883,7.303842935819515
S1306,3883,7.218460313589973
S1307,3883,6.448159821153978
S1308,3879,7.496450275959222
S1309,3883,6.521300647593635
S1310,3879,7.570133692083828
S1311,3883,4.1537315115473765
S1312,3883,4.481229866140253
S1313,3883,4.093708813186246
S1314,3883,4.207265416536599
S1315,3879,4.473655330838687
S1316,3879,4.6370444720977915
S1317,3883,1.9703800263593105
S1318,3883,2.62612392118951
S1319,3883,2.60241764513925
S1320,3879,2.231783064786703
S1321,3883,2.2702227568699858
S1322,3879,1.6104986761157167
S1323,3883,2.1252847304044646
S1324,3879,2.3616827087296115
S1325,3879,1.6321048146453256
S1326,3879,4.984497462909699
S1327,3883,2.947555721200312
S1328,3883,1.2359194146859898
S1329,3879,2.774797177324331
S1330,3883,2.6872693148027347
S1331,3879,5.222423728004096
S1332,3883,2.7446135651092574
S1333,3883,2.705012862240401
S1334,3883,4.478063019374955
S1335,3879,1.514117038053312
S1336,3879,1.8172794237739907
S1337,3883,1.3106926244501187
S1338,3883,3.0791189923267246
S1339,3883,2.5938176153314703
S1340,3879,3.342538849995043
S1341,3879,3.608588068832443
S1342,3879,1.5007225852775097
S1343,3879,1.5389576038569457
S1344,3879,2.1493217707536174
S1345,3879,4.0971709039438995
S1346,3883,2.731806749868437
S1347,3883,3.7077113598830302
S1348,3883,4.856706249720473
S1349,3879,5.0293218361097844
S1350,3883,2.2025981511557244
S1351,3883,3.8493583613172833
S1352,3883,2.9260945082876377
S1353,3879,2.9213945896415447
S1354,3883,1.779470636613089
S1355,3879,4.819624840130269
S1356,3879,5.043687805040976
S1357,3883,3.3393519532291345
S1358,3879,2.239358806835899
S1359,3879,1.6696878491905114
S1360,3879,2.2217360393451924
S1361,3883,1.9541219394239548
S1362,3879,1.9139272130008111
S1363,3879,1.9334149485688565
S1364,3883,2.5925508814113334
S1365,3879,1.9218374374812566
S1366,3879,1.4064069645119952
S1367,3879,1.6810152174551805
S1368,3883,0.9606480235573412
S1369,3879,1.8296808191310807
S1370,3879,1.6956906898914461
S1371,3879,1.6984942077495893
S1372,3883,5.0652974126479995
S1373,3879,2.3885424406247613
S1374,3879,1.703564826844223
S1375,3883,2.710785967558872
S1376,3879,2.1573413688094565
S1377,3879,2.3151888077818046
S1378,3879,4.612302487723468
S1379,3879,2.754591216700053
S1380,3884,2.6047971017420264
S1381,3883,1.1721044337936628
S1382,3883,2.468113126706776
S1383,3883,2.5036483198922577
S1384,3879,2.8846339343415597
S1385,3883,1.327306783486806
S1386,3883,1.0025334648879252
S1387,3883,1.227993881558766
S1388,3883,3.5706435427212675
S1389,3883,2.6101436306826495
S1390,3879,2.9369645593746743
S1391,3883,3.361392552335331
S1392,3883,1.3262538648941202
S1393,3883,1.3015445217794008
S1394,3883,1.1593884665335248
S1395,3883,1.2875674872216412
S1396,3883,1.028841864675176
S1397,3883,1.7397465178957614
S1398,3883,2.448506091329935
S1399,3883,2.2104030478901993
S1400,3883,0.7430459332391697
S1401,3879,2.7378036468545583
S1402,3879,2.95979542711519
S1403,3883,1.0961151211004607
S1404,3883,2.8594718447707224
S1405,3883,2.446794277374125
S1406,3883,2.451085941569871
S1407,3883,2.665261902724892
S1408,3879,2.6218970167192093
S1409,3883,1.2979102913398919
S1410,3883,0.7601819127263489
S1411,3883,2.735265307630456
S1412,3883,2.721376903378647
S1413,3883,2.709937160068426
S1414,3883,2.5004324325058263
S1415,3883,2.5399591114242677
S1416,3883,2.4445138599148346
S1417,3883,1.176547621674034
S1418,3883,1.0192557426152917
S1419,3883,1.0888969917236795
S1420,3883,1.0124278367717878
S1421,3883,1.2166478898172737
S1422,3883,1.1295123556281912
S1423,3883,1.051452190710791
S1424,3883,1.3800967420595416
S1425,3883,1.2964983255761526
S1426,3883,1.0201632031593126
S1427,3884,5.214811358811101
S1428,3884,4.161095424291869
S1429,3884,4.917822353135672
S1430,3884,7.565794449638445
S1431,3884,8.149952591288988
S1432,3884,6.058933308342936
S1433,3884,5.542877858407957
S1434,3884,5.401641517399629
S1435,3884,5.859494166121566
S1436,3884,5.177748529823396
S1437,3884,4.843114801085252
S1438,3884,8.116422735256323
S1439,3884,7.528723848504452
S1440,3884,6.1738957006576545
S1441,3884,6.600045944019505
S1442,3884,3.852568985123899
S1443,3884,8.32529475994749
S1444,3884,6.791949790805026
S1445,3884,7.215160658422435
S1446,3884,7.266356311328391
S1447,3883,4.758345074050537
S1448,3884,6.568637078607242
S1449,3884,6.740026031898287
S1450,3884,7.915455859558829
S1451,3883,8.399187323035772
S1452,3883,5.09713806396323
S1453,3883,9.136272713887546
S1454,3883,5.581941006150755
S1455,3883,9.728730730170142
S1456,3883,10.146851025466841
S1457,3883,9.354319819123372
S1458,3883,9.569180103611012
S1459,3883,7.367666949895398
S1460,3883,10.333686841501194
S1461,3883,4.628911436074104
S1462,3883,10.10357828441714
S1463,3883,9.005915628648285
S1464,3884,7.039501688787394
S1465,3884,5.538310148244781
S1466,3884,5.659309272593404
S1467,3884,3.885865469854034
S1468,3884,4.7479055583643035
S1469,3884,6.189931225188198
S1470,3884,7.265568639157782
S1471,3884,9.662428116950943
S1472,3884,8.798803201860816
S1473,3884,5.479055246918636
S1474,3884,8.117590594628966
S1475,3884,8.625204095491792
S1476,3884,9.102826933573613
S1477,3884,10.02929220496068
S1478,3884,9.126959799668297
S1479,3884,9.787221736627744
S1480,3884,5.461502086225548
S1481,3884,4.57017992441968
S1482,3884,4.989913982560573
S1483,3884,6.276748752827387
S1484,3884,4.4002931413336865
S1485,3884,8.410788594888887
S1486,3884,5.654336970350015
S1487,3884,6.832146708877333
S1488,3884,5.572169831848388
S1489,3884,7.335351443490426
S1490,3884,5.295996342428306
S1491,3884,4.692675111581068
S1492,3884,6.271074176732758
S1493,3884,5.296905335444199
S1494,3884,6.3556870947806035
S1495,3884,8.732836990957079
S1496,3884,7.489352461176138
S1497,3884,4.217975488699859
S1498,3884,4.839245776684034
S1499,3884,4.890147571376299
S1500,3884,4.849750695623768
S1501,3884,5.64607605846142
S1502,3884,8.373876286522133
S1503,3884,7.862589572893429
S1504,3884,8.418548270172854
S1505,3884,8.82966783758927
S1506,3884,8.842775721089119
S1507,3884,6.05809211704325
S1508,3884,7.46641332439097
S1509,3884,7.821045522508451
S1510,3884,7.4832897638351135
S1511,3884,1.0466613817646624
S1512,3884,0.8200206248754588
S1513,3884,2.170092885036428
S1514,3884,3.915688490704131
S1515,3884,0.6074555658489659
S1516,3884,1.215644276982781
S1517,3884,3.2809924853313475
S1518,3884,1.8088991941754964
S1519,3884,3.1075785722934857
S1520,3884,2.9504218265908775
S1521,3884,3.105293650384309
S1522,3884,3.1031732804156804
S1523,3884,2.3427207930396166
S1524,3884,2.338971575141865
S1525,3884,1.7182580953755064
S1526,3884,2.0589559918954503
S1527,3884,1.662923645330102
S1528,3884,3.0808944450994797
S1529,3884,3.2739446470973133
S1530,3884,3.49910045762851
S1531,3884,2.706174352498295
S1532,3884,3.8296868569082765
S1533,3884,1.9056693580828445
S1534,3884,1.8826009378228044
S1535,3884,3.114316799493713
S1536,3884,2.049461837908848
S1537,3884,2.9518712321425484
S1538,3884,2.122433682653989
S1539,3884,1.8807735941593933
S1540,3884,2.697862708544536
S1541,3884,3.4443082680571373
S1542,3884,3.279978415491502
S1543,3884,3.2739446470973133
S1544,3884,3.716091922684185
S1545,3884,3.624106068678111
S1546,3884,2.745537359180701
S1547,3884,2.159162170887454
S1548,3884,0.4791272320746772
S1549,3884,3.0481006830846757
S1550,3884,2.6759185169514907
S1551,3884,3.716091922684185
S1552,3884,3.654618528524725
S1553,3884,2.6759185169514907
S1554,3884,1.9973647209626875
S1555,3885,5.063548788269404
S1556,3884,1.5670281023952386
S1557,3884,1.974237834892264
S1558,3884,2.1531419581074256
S1559,3884,3.156140680239518
S1560,3884,2.8498679880049385
S1561,3884,2.212982539720594
S1562,3884,3.9736282531046405
S1563,3884,4.766728539824008
S1564,3884,3.3537497198274817
S1565,3884,3.8567673425997793
S1566,3885,4.929819314181592
S1567,3884,4.1212010382392
S1568,3884,4.028678899853553
S1569,3885,4.841370483771503
S1570,3885,4.84342772017952
S1571,3884,3.724554494629649
S1572,3884,3.9733391503968147
S1573,3884,4.303825599290816
S1574,3884,2.79909522401101
S1575,3884,2.1522133388239655
S1576,3885,5.083821937509464
S1577,3884,3.972384770783728
S1578,3884,3.856426674023359
S1579,3884,3.6328349969595464
S1580,3884,3.6303096080105455
S1581,3884,1.630218761836435
S1582,3884,2.418849355588255
S1583,3884,3.848283751117368
S1584,3885,4.918529223485512
S1585,3885,4.98380554873204
S1586,3884,1.9794614140237576
S1587,3885,5.080186543790791
S1588,3884,4.043639815772447
S1589,3884,1.8070763919010056
S1590,3884,3.688346735588545
S1591,3884,2.0222642993511966
S1592,3885,5.24470166507629
S1593,3884,5.356305515715587
S1594,3884,5.86339071410432
S1595,3884,6.791030471627636
S1596,3884,5.916386037768989
S1597,3884,3.417604677487786
S1598,3884,5.481875854159622
S1599,3884,4.914474694137831
S1600,3884,3.7674713228344854
S1601,3884,4.337521612186912
S1602,3884,5.98613051335679
S1603,3884,4.015815984414426
S1604,3884,4.6699814718198525
S1605,3884,6.631209348372917
S1606,3884,5.3022077400230385
S1607,3884,5.238178299563644
S1608,3884,4.854567240740408
S1609,3884,6.981884656198348
S1610,3884,4.7376950123382136
S1611,3884,4.369864075416599
S1612,3884,4.954381622459726
S1613,3885,2.1446839135721296
S1614,3885,3.515965638877066
S1615,3885,5.285226238546431
S1616,3878,5.311326694214507
S1617,3885,4.572198366514094
S1618,3885,3.6542592654101704
S1619,3885,2.402732551899675
S1620,3885,3.637269404097333
S1621,3885,2.4037433873817298
S1622,3878,5.56285324486756
S1623,3885,4.07825329287226
S1624,3885,3.472628902200365
S1625,3885,4.363634095397978
S1626,3885,2.39067167828363
S1627,3885,4.573013392662031
S1628,3885,3.2976475590598993
S1629,3885,3.6528863587456635
S1630,3885,2.5777244188607282
S1631,3885,3.1554486659997427
S1632,3885,5.073883146778956
S1633,3885,4.316660417408859
S1634,3885,4.149707465770886
S1635,3885,3.347506163212277
S1636,3885,4.116703742870277
S1637,3880,5.203867309663067
S1638,3880,3.8011302997682805
S1639,3885,4.97940091555231
S1640,3880,4.62686722571472
S1641,3885,3.4364416760765053
S1642,3880,2.5412032988990148
S1643,3880,4.986794241945391
S1644,3885,3.6315215750024166
S1645,3885,5.114912364985124
S1646,3880,4.784734131318235
S1647,3885,4.032647992181548
S1648,3885,4.400730316344472
S1649,3885,4.472216261720585
S1650,3880,4.38005611842524
S1651,3880,2.7559595097878233
S1652,3885,3.5530974870175296
S1653,3885,4.78954001473783
S1654,3885,5.688344539546138
S1655,3885,5.603282888130711
S1656,3885,3.0949085934293468
S1657,3885,3.2502458842522253
S1658,3885,4.676180239542674
S1659,3885,4.680223207401996
S1660,3885,3.192507515697718
S1661,3880,2.755956612767543
S1662,3885,5.709182406601172
S1663,3885,3.172392317185681
S1664,3885,3.2634802621724925
S1665,3880,5.089721429352355
S1666,3880,5.251816938608781
S1667,3880,4.796795823746044
S1668,3880,7.306920691928061
S1669,3880,6.905830223190747
S1670,3880,8.659898124053218
S1671,3880,8.201141013514794
S1672,3880,6.5951088414913155
S1673,3880,4.3778040870713095
S1674,3880,8.941335603668096
S1675,3880,8.306898743257438
S1676,3880,8.326989116939854
S1677,3880,6.686560759459324
S1678,3880,6.953008379657255
S1679,3880,7.179499651781827
S1680,3880,8.628107147805625
S1681,3880,8.34575926509816
S1682,3880,5.028344175026448
S1683,3880,7.798082110139967
S1684,3880,7.798082110139967
S1685,3880,5.237296242710394
S1686,3882,6.787531416021912
S1687,3880,7.613307295184358
S1688,3882,7.5258790790121886
S1689,3880,6.154996401484917
S1690,3880,6.273574926741261
S1691,3880,5.799463564347919
S1692,3880,5.894254416012712
S1693,3880,7.614585486403904
S1694,3882,7.312064197213301
S1695,3882,8.017425677780396
S1696,3882,8.862783371347307
S1697,3882,6.813228972933677
S1698,3882,8.585051449220861
S1699,3880,5.673163593682618
S1700,3882,8.511689457990833
S1701,3882,8.355588242150644
S1702,3882,8.810374489457574
S1703,3880,7.274404073057931
S1704,3880,5.360067927142431
S1705,3880,6.115788637877951
S1706,3880,5.6735956351229
S1707,3880,5.7276525250605985
S1708,3880,6.234334138383012
S1709,3880,7.67758596058489
S1710,3478,15.64050196661325
S1711,3478,13.109209941289452
S1712,3478,15.305141495924321
S1713,3478,13.691403849869525
S1714,3478,18.971220923761386
S1715,3478,21.50756595991939
S1716,3478,19.40056667268507
S1717,3478,19.64505426124612
S1718,3478,18.4328963291931
S1719,3448,17.231689714988807
S1720,3448,16.71343775696089
S1721,3478,18.165428134864765
S1722,3478,20.578343753292433
S1723,3478,21.92106706046534
S1724,3478,20.746046267839212
S1725,3478,20.875753956030373
S1726,3478,18.316336174125414
S1727,3258,23.15116633702719
S1728,2679,19.072236112143408
S1729,2679,17.595552300589205
S1730,2679,18.53842881184757
S1731,2679,18.772181050364004
S1732,2679,17.43805125017525
S1733,2679,18.861554782661354
S1734,2679,18.00282860052089
S1735,2679,19.01434757146211
S1736,2679,19.865447061676353
S1737,2679,18.929607988095693
S1738,2679,17.933233187007527
S1739,2679,19.152456375749452
S1740,2679,18.538652843233695
S1741,2679,18.561541086939236
S1742,2679,17.544047283522904
S1743,2679,18.738308768710436
S1744,2679,18.654399571313917
S1745,2679,18.367264672403092
S1746,2679,20.245385715420305
S1747,2679,20.66153687190223
S1748,2679,21.410712257944
S1749,2679,18.576548124104285
S1750,2679,19.668302692664575
S1751,2679,22.325694577363695
S1752,3884,22.086586750643008
S1753,2679,22.37280221328398
S1754,2679,20.462039567958588
S1755,2679,20.599670523455387
S1756,2679,21.208604799867672
S1757,2679,18.934831163784192
S1758,2679,20.700652065955023
S1759,2679,22.931368658079826
S1760,3884,23.56367953046278
S1761,2679,22.58054801369407
S1762,2679,22.547074709521763
S1763,2679,21.258130402941823
S1764,3884,22.086978564803747
S1765,2679,23.209016991332636
S1766,2679,19.336643687230406
S1767,2679,20.408712467498056
S1768,2679,22.522844647979547
S1769,3884,24.77608932441848
S1770,2679,23.90995859431755
S1771,2679,24.247496587793552
S1772,2679,24.71815519408746
S1773,2679,24.71815519408746
S1774,2679,23.92477726634191
S1775,3884,21.386660619171867
S1776,3884,21.470519436785228
S1777,3884,21.22970414376273
S1778,3884,21.610046281431913
S1779,3884,19.521440345760467
S1780,3884,21.256251377251868
S1781,3884,21.440358225488183
S1782,3884,21.55743830683572
S1783,3884,20.687011977677795
S1784,3884,21.624714039220013
S1785,3884,21.700453158277522
S1786,3884,20.106741146934066
S1787,3884,21.54479457276325
S1788,3884,21.50844695510621
S1789,3884,21.460783976427077
S1790,3884,18.321989772436083
S1791,2679,18.864032362378182
S1792,3884,17.16864923617146
S1793,3884,17.50443037756899
S1794,3884,17.160395345156136
S1795,2679,18.628230401880142
S1796,3884,19.933524122459772
S1797,3884,20.49586191812943
S1798,3884,16.718122684826522
S1799,2679,18.014946033121095
S1800,3884,19.51459813454694
S1801,2679,18.417782742407528
S1802,3884,18.57086275205705
S1803,2679,19.697912577068973
S1804,2679,18.016434172274035
S1805,3884,16.732438437520248
S1806,3884,18.743700184829972
S1807,2679,19.90615542995052
S1808,3884,21.260314402019183
S1809,3884,17.25726669359834
S1810,2679,18.60665065639938
S1811,3884,18.0251508171881
S1812,3884,16.732438437520248
S1813,2679,18.26575059819452
S1814,2679,17.70400588001985
S1815,3884,18.977175095358422
S1816,3884,16.962408678952855
S1817,2679,18.60665065639983
S1818,2679,18.699297953186143
S1819,3884,20.40896430124429
S1820,3884,17.32502668954576
S1821,3884,19.158853763163552
S1822,2679,16.922869471621926
S1823,3883,17.624175964144882
S1824,2679,17.86874810102348
S1825,2679,16.73717528453419
S1826,3883,16.85080050593561
S1827,3883,18.139846820062534
S1828,2679,15.706312463179728
S1829,2679,17.929529389090657
S1830,2679,19.31025568607894
S1831,2679,19.18309783895926
S1832,2679,19.681680230569143
S1833,2679,18.617883093204494
S1834,2679,17.01020672911617
S1835,2679,17.397966407646887
S1836,2679,18.83613606252095
S1837,2679,16.952243581007405
S1838,2679,17.219640164788192
S1839,2679,16.897768125226047
S1840,2679,18.630133514645014
S1841,3915,1.5071868276163836
S1842,3915,1.4758377668571854
S1843,4115,6.772908137654441
S1844,4115,4.789989161336749
S1845,4115,6.740521834209566
S1846,4115,4.877082801327885
S1847,3314,12.0991768182611
S1848,3315,10.94109428553733
S1849,3315,10.87498422495668
S1850,3328,10.438552082014676
S1851,3927,8.34300235794726
S1852,3927,7.409763286174021
S1853,3927,6.4288754420798835
S1854,3927,6.324247597836019
S1855,3927,7.031183009120278
S1856,3943,4.872650538466789
S1857,3943,4.620382358114312
S1858,3943,2.6972767856895756
S1859,3941,0.9578258295561543
S1860,3936,5.459630536932726
S1861,3937,2.8840321555833808
S1862,3952,2.5529017258279536
S1863,3952,3.151369078923373
S1864,4066,3.5135763835010168
S1865,4066,3.4344845784929396
S1866,4066,4.085647260087893
S1867,4066,3.6292850390710982
S1868,4066,4.051020026094173
S1869,4066,3.527075167834462
S1870,4066,3.466821127014639
S1871,4084,8.416149364804214
S1872,4115,12.895967092166016
S1873,4101,3.787428683160046
S1874,4117,3.440240335643387
S1875,4123,2.7141698162611223
S1876,4130,5.212334518475812
S1877,4128,3.787488524838446
S1878,4128,2.7844864166063803
S1879,4133,3.2199445169960232
S1880,4139,3.218034029550457
S1881,4226,9.863771968304846
S1882,4439,8.789089165577346
S1883,4439,9.225791571994682
S1884,4226,11.783363639973315
S1885,4439,11.389003148197514
S1886,4439,9.38255943725521
S1887,4439,9.235315733696163
S1888,4226,10.919524601533501
S1889,4439,11.73893681039483
S1890,4439,11.881475345914264
S1891,4439,9.201633634303866
S1892,4439,12.201397178985788
S1893,4226,6.013469044116921
S1894,4439,8.453360726259733
S1895,4439,12.115579274357486
S1896,4439,11.535194655980733
S1897,4439,11.553119311054509
S1898,4439,10.022672631013666
S1899,4226,6.2597480302173585
S1900,4439,10.116024990139055
S1901,4439,8.355180145897203
S1902,4439,12.301392289574867
S1903,4439,8.182991154065839
S1904,4439,9.271195250683059
S1905,4439,8.264111784493112
S1906,4439,11.621071430937121
S1907,4439,8.641360965365148
S1908,4439,11.358356295052019
S1909,4439,8.453756199301854
S1910,4439,11.630587821810924
S1911,4439,9.684494017412474
S1912,4439,12.194171940890714
S1913,4439,9.538991586292987
S1914,4439,10.148015521319103
S1915,4226,13.096257207302855
S1916,4226,8.411035816074248
S1917,4439,11.140626022885968
S1918,4439,10.000012250152158
S1919,4226,11.849660043490527
S1920,4843,3.4763622568163135
S1921,4843,3.407496047438966
S1922,4843,3.7181740056711448
S1923,4843,3.2870166981081104
S1924,4843,3.558631452665038
S1925,4843,3.4191575894108635
S1926,4843,2.9476049622067393
S1927,4843,4.107265238048849
S1928,4341,3.9029467644851112
S1929,4843,3.317818730412864
S1930,4843,2.903724427923004
S1931,4843,2.9413524663808
S1932,4843,4.607489430348638
S1933,4341,4.062085347245804
S1934,4843,4.500174115103453
S1935,4843,3.6378449321721016
S1936,4341,3.519654940372668
S1937,4843,2.7916135335826375
S1938,4843,3.6011383534383405
S1939,4843,3.3844773983148846
S1940,4843,2.3306812783358604
S1941,4843,3.753752337945527
S1942,4843,2.794527655462011
S1943,4843,3.5590543220337003
S1944,4374,0.734938573192244
S1945,4374,1.1686181572307313
S1946,4372,0.23512554203114497
S1947,4372,3.449073150591165
S1948,4374,1.370616749056456
S1949,4372,3.3137931428064022
S1950,4372,2.5396577572113994
S1951,4372,3.3489381563953957
S1952,4372,0.7431897680285255
S1953,4401,5.46220374724175
S1954,4238,4.151825686632045
S1955,4238,4.193018445951413
S1956,4236,5.2526945331861095
S1957,4236,4.146790914511895
S1958,4232,0.8309971672011681
S1959,4238,4.6234274614514685
S1960,4265,2.9063136647065764
S1961,4265,2.6808680343095
S1962,4265,3.1162599617893965
S1963,4417,2.3982658297603323
S1964,4290,9.569776910337318
S1965,4291,1.449888961309298
S1966,4464,1.739584795763271
S1967,4290,2.9116187229900508
S1968,4470,2.2184683109619234
S1969,4308,12.71326549555996
S1970,4310,3.440235339023186
S1971,4308,12.430971818829587
S1972,4512,6.491188078199847
S1973,4508,8.309220241405928
S1974,4508,6.874025200816969
S1975,4508,8.762236045617454
S1976,4505,10.428078219247755
S1977,4508,8.762236045617454
S1978,4508,9.786638089422945
S1979,4508,7.6957634775772625
S1980,4508,8.530334368329857
S1981,4508,8.272379133126451
S1982,4518,13.529226991511223
S1983,4519,7.301078949199191
S1984,4518,6.497726775581534
S1985,4519,7.513541876594439
S1986,4518,8.196942196679696
S1987,4518,10.696105707199006
S1988,4518,13.237263176191767
S1989,4518,6.214830800166318
S1990,4518,6.001624058040599
S1991,4519,7.130794088254047
S1992,4518,13.425424701799844
S1993,4519,9.255954051393141
S1994,4519,10.302423138767717
S1995,4518,7.820623097447219
S1996,4537,4.591138094919052
S1997,4670,3.5999789688807797
S1998,4537,3.9062329010472516
S1999,4537,4.537345607992341
S2000,4537,4.3861105078545215
S2001,4537,4.515906736501569
S2002,4670,4.123823339831878
S2003,4537,4.28539602874565
S2004,4569,3.9905082893467765
S2005,4670,4.2778023319368925
S2006,4537,4.62169843888913
S2007,4670,3.72140881966014
S2008,4537,3.12919409062895
S2009,4557,3.6014382776434815
S2010,4569,3.635223709524003
S2011,4670,4.5725882783286025
S2012,4537,4.477244326732624
S2013,4633,1.2857892685477703
S2014,4633,1.080864687375411
S2015,4627,3.639507399198904
S2016,4627,4.597735217283354
S2017,4627,4.350820512267467
S2018,4627,4.8287039545864365
S2019,4627,4.822027371880688
S2020,4627,4.433202904941278
S2021,4627,4.8228902541491685
S2022,4627,4.668285570423032
S2023,4627,4.586034545615644
S2024,4627,4.330863022058508
S2025,4627,4.270345846510661
S2026,4627,3.9340451276306863
S2027,4661,3.3866647474606952
S2028,4673,0.7358541115936292
S2029,4665,3.6757325414771893
S2030,4674,1.0798177560867177
S2031,4674,1.5068403191328077
S2032,4667,3.065501727297175
S2033,4665,3.2695297049781784
S2034,4661,3.0256709637719985
S2035,4665,2.4173291750060732
S2036,4706,4.775415286927545
S2037,4702,1.985831666004578
S2038,4702,1.4955266740781858
S2039,4713,0.8887961865722016
S2040,4723,1.4356750879363627
S2041,4377,2.202460383426552
S2042,4711,0.9613959868977235
S2043,4711,2.669260051663041
S2044,4711,1.2871940878496482
S2045,4846,4.152790714117262
S2046,4846,4.0805143022820465
S2047,4881,3.0070988820675306
S2048,4987,8.09554626375207
S2049,4949,8.750803265851324
S2050,4949,8.579402542098851
S2051,4987,7.959108459076529
S2052,4987,7.655411733939928
S2053,4949,6.393868207629635
S2054,4975,7.816363961300294
S2055,4987,8.863012171325922
S2056,4987,8.142804352534744
S2057,5038,4.884118666774696
S2058,5139,2.403024576638478
